id,customer_name,amount,transaction_date,product_category,payment_mode
1,Jack,172.58,2024-02-12 20:53:00,Books,UPI
2,Alice,309.13,2024-02-15 20:01:00,Grocery,Net Banking
3,Hannah,124.65,2024-02-08 19:16:00,Electronics,Debit Card
4,Charlie,274.08,2024-02-01 19:37:00,Clothing,UPI
5,David,369.14,2024-02-01 05:59:00,Grocery,Net Banking
6,Jack,277.73,2024-02-02 06:25:00,Grocery,Credit Card
7,Charlie,130.84,2024-02-07 17:52:00,Home Appliances,UPI
8,David,312.52,2024-02-17 13:39:00,Books,Cash
9,Bob,239.84,2024-02-06 15:26:00,Home Appliances,Debit Card
10,Charlie,199.11,2024-02-11 15:20:00,Home Appliances,Debit Card
11,Charlie,352.48,2024-02-17 21:35:00,Books,Debit Card
12,Eva,157.09,2024-02-09 11:49:00,Books,UPI
13,Frank,133.5,2024-02-13 08:36:00,Clothing,Net Banking
14,David,146.26,2024-02-18 08:43:00,Electronics,Credit Card
15,Charlie,98.73,2024-02-20 20:33:00,Grocery,Debit Card
16,Jack,338.24,2024-02-04 11:38:00,Grocery,Credit Card
17,Hannah,68.38,2024-02-20 20:36:00,Clothing,Net Banking
18,Bob,377.44,2024-02-05 09:23:00,Clothing,Credit Card
19,Grace,276.45,2024-02-02 13:20:00,Clothing,Net Banking
20,Charlie,391.97,2024-02-20 13:09:00,Electronics,UPI
21,Frank,331.18,2024-02-14 20:00:00,Electronics,Cash
22,Ivy,117.43,2024-02-16 15:09:00,Electronics,UPI
23,Eva,399.41,2024-02-12 14:30:00,Electronics,Credit Card
24,Ivy,492.42,2024-02-14 02:54:00,Clothing,Net Banking
25,Eva,233.0,2024-02-21 20:08:00,Electronics,Credit Card
26,Jack,379.07,2024-02-21 13:16:00,Clothing,Net Banking
27,Bob,152.23,2024-02-08 23:28:00,Clothing,Debit Card
28,Eva,63.81,2024-02-08 11:35:00,Books,Cash
29,Alice,129.27,2024-02-04 23:02:00,Grocery,UPI
30,Alice,175.98,2024-02-13 10:51:00,Grocery,Cash
31,Hannah,356.41,2024-02-02 01:29:00,Home Appliances,Debit Card
32,Bob,192.94,2024-02-02 04:21:00,Books,Debit Card
33,Hannah,70.92,2024-02-07 12:37:00,Books,Credit Card
34,David,470.08,2024-02-04 12:06:00,Clothing,UPI
35,Bob,171.54,2024-02-21 03:09:00,Home Appliances,Cash
36,David,308.12,2024-02-03 17:06:00,Books,Cash
37,Grace,166.54,2024-02-06 05:59:00,Home Appliances,Debit Card
38,Frank,277.29,2024-02-12 16:46:00,Electronics,Debit Card
39,Frank,417.12,2024-02-19 13:44:00,Electronics,Net Banking
40,Grace,435.56,2024-02-05 13:35:00,Electronics,UPI
41,Alice,444.41,2024-02-03 01:24:00,Clothing,UPI
42,Ivy,347.38,2024-02-20 07:06:00,Electronics,Credit Card
43,Hannah,300.0,2024-02-08 21:40:00,Clothing,UPI
44,Bob,305.33,2024-02-17 17:59:00,Electronics,Net Banking
45,Charlie,224.42,2024-02-11 21:39:00,Home Appliances,Debit Card
46,Alice,455.59,2024-02-17 17:41:00,Clothing,Cash
47,Alice,458.11,2024-02-13 03:23:00,Clothing,Debit Card
48,Frank,327.6,2024-02-02 04:29:00,Home Appliances,Credit Card
49,Frank,92.61,2024-02-16 02:03:00,Books,Cash
50,Eva,458.46,2024-02-14 02:58:00,Grocery,Cash
51,David,331.45,2024-02-18 08:42:00,Grocery,Net Banking
52,David,192.49,2024-02-10 12:53:00,Clothing,Debit Card
53,Ivy,296.5,2024-02-15 07:16:00,Clothing,Debit Card
54,Bob,381.78,2024-02-20 09:23:00,Grocery,UPI
55,Grace,92.14,2024-02-18 05:13:00,Grocery,Credit Card
56,Frank,385.93,2024-02-15 23:40:00,Books,Net Banking
57,Charlie,361.88,2024-02-17 18:50:00,Books,Credit Card
58,Hannah,372.45,2024-02-12 00:39:00,Grocery,Net Banking
59,David,403.93,2024-02-09 05:49:00,Electronics,Cash
60,Bob,407.68,2024-02-02 18:00:00,Grocery,Debit Card
61,Ivy,446.05,2024-02-09 15:23:00,Books,Credit Card
62,Hannah,84.94,2024-02-18 18:07:00,Books,Credit Card
63,David,214.69,2024-02-09 10:12:00,Electronics,Debit Card
64,Charlie,459.86,2024-02-19 18:10:00,Grocery,Credit Card
65,Grace,286.9,2024-02-03 18:06:00,Clothing,Credit Card
66,Charlie,234.22,2024-02-10 11:02:00,Grocery,Cash
67,Frank,311.5,2024-02-13 09:45:00,Home Appliances,UPI
68,Alice,71.01,2024-02-21 04:16:00,Home Appliances,Net Banking
69,Frank,382.57,2024-02-08 03:24:00,Electronics,Net Banking
70,Eva,365.55,2024-02-12 09:05:00,Grocery,Cash
71,Jack,161.96,2024-02-10 20:47:00,Home Appliances,Credit Card
72,Eva,144.21,2024-02-05 17:35:00,Grocery,Cash
73,Frank,232.94,2024-02-20 18:07:00,Grocery,Debit Card
74,Hannah,297.57,2024-02-17 14:03:00,Books,Cash
75,David,341.79,2024-02-13 06:57:00,Clothing,Debit Card
76,Ivy,356.68,2024-02-12 02:25:00,Electronics,Debit Card
77,Grace,332.71,2024-02-06 19:31:00,Electronics,Net Banking
78,Hannah,206.54,2024-02-10 02:07:00,Electronics,Net Banking
79,David,312.77,2024-02-14 09:18:00,Books,Net Banking
80,Eva,178.47,2024-02-03 09:36:00,Home Appliances,Debit Card
81,Frank,184.37,2024-02-10 22:45:00,Books,Debit Card
82,Jack,355.64,2024-02-03 15:47:00,Home Appliances,Net Banking
83,Frank,245.12,2024-02-18 07:40:00,Grocery,UPI
84,David,59.37,2024-02-20 07:17:00,Grocery,Cash
85,Alice,65.56,2024-02-05 16:32:00,Clothing,Cash
86,Grace,255.04,2024-02-18 18:45:00,Electronics,Credit Card
87,Grace,295.75,2024-02-08 00:45:00,Grocery,Credit Card
88,Bob,318.67,2024-02-11 11:10:00,Books,Net Banking
89,Alice,259.22,2024-02-11 08:15:00,Books,Credit Card
90,David,320.19,2024-02-15 17:52:00,Grocery,Net Banking
91,Ivy,233.93,2024-02-13 08:39:00,Clothing,Cash
92,Hannah,343.16,2024-02-05 08:43:00,Home Appliances,Cash
93,David,215.44,2024-02-08 15:04:00,Home Appliances,Debit Card
94,Alice,344.2,2024-02-16 09:47:00,Electronics,Credit Card
95,Alice,354.17,2024-02-04 22:05:00,Home Appliances,Cash
96,Jack,258.08,2024-02-05 14:18:00,Grocery,Credit Card
97,Jack,482.91,2024-02-14 04:14:00,Clothing,Net Banking
98,David,392.45,2024-02-07 16:03:00,Clothing,Net Banking
99,Hannah,115.18,2024-02-10 19:32:00,Electronics,UPI
100,Eva,375.03,2024-02-14 01:59:00,Books,Net Banking
101,Frank,288.65,2024-02-06 09:16:00,Home Appliances,Net Banking
102,Jack,176.88,2024-02-02 16:42:00,Electronics,UPI
103,Hannah,377.53,2024-02-13 18:26:00,Electronics,Net Banking
104,Grace,281.21,2024-02-21 02:00:00,Clothing,Net Banking
105,Alice,82.8,2024-02-05 06:02:00,Home Appliances,UPI
106,Eva,326.57,2024-02-03 04:28:00,Grocery,Cash
107,Alice,173.1,2024-02-19 23:32:00,Clothing,UPI
108,Ivy,420.53,2024-02-13 14:34:00,Clothing,UPI
109,Ivy,325.57,2024-02-11 01:28:00,Electronics,Credit Card
110,David,164.84,2024-02-06 14:32:00,Clothing,Cash
111,Ivy,262.66,2024-02-11 06:05:00,Clothing,UPI
112,Alice,461.94,2024-02-15 01:27:00,Home Appliances,Cash
113,Alice,478.79,2024-02-02 15:40:00,Clothing,Credit Card
114,Ivy,358.26,2024-02-13 08:36:00,Electronics,UPI
115,Alice,435.21,2024-02-06 16:14:00,Grocery,Net Banking
116,Frank,109.95,2024-02-13 04:30:00,Electronics,UPI
117,David,348.0,2024-02-09 06:01:00,Books,UPI
118,Jack,72.26,2024-02-12 20:05:00,Home Appliances,Debit Card
119,Hannah,107.99,2024-02-21 05:57:00,Grocery,Cash
120,Jack,438.81,2024-02-18 00:47:00,Home Appliances,Debit Card
121,Frank,398.09,2024-02-21 13:53:00,Grocery,Net Banking
122,Ivy,187.47,2024-02-12 06:52:00,Electronics,Credit Card
123,Hannah,480.49,2024-02-21 06:31:00,Electronics,Net Banking
124,David,497.81,2024-02-14 03:44:00,Clothing,Credit Card
125,Grace,150.41,2024-02-10 20:24:00,Home Appliances,Debit Card
126,Jack,352.85,2024-02-11 09:57:00,Clothing,Debit Card
127,Hannah,333.41,2024-02-17 15:26:00,Electronics,Debit Card
128,Charlie,402.33,2024-02-12 07:00:00,Grocery,UPI
129,Alice,289.33,2024-02-06 04:39:00,Grocery,Credit Card
130,Eva,80.93,2024-02-14 05:25:00,Electronics,UPI
131,Alice,235.35,2024-02-10 21:42:00,Clothing,Net Banking
132,David,205.52,2024-02-08 06:16:00,Electronics,UPI
133,Alice,460.01,2024-02-04 10:13:00,Grocery,UPI
134,Jack,258.57,2024-02-03 03:23:00,Grocery,Credit Card
135,Grace,103.58,2024-02-10 05:17:00,Electronics,Credit Card
136,Alice,108.02,2024-02-02 11:38:00,Electronics,Net Banking
137,Ivy,144.89,2024-02-12 17:09:00,Grocery,Cash
138,Jack,168.4,2024-02-08 07:10:00,Home Appliances,Debit Card
139,Hannah,337.41,2024-02-21 03:50:00,Grocery,Net Banking
140,Hannah,405.62,2024-02-17 12:54:00,Books,UPI
141,David,340.01,2024-02-13 14:35:00,Clothing,Credit Card
142,Ivy,416.22,2024-02-10 04:58:00,Books,Net Banking
143,David,192.77,2024-02-18 01:07:00,Electronics,Credit Card
144,Jack,386.86,2024-02-16 06:13:00,Electronics,Net Banking
145,Bob,426.44,2024-02-16 00:38:00,Grocery,Debit Card
146,Ivy,83.08,2024-02-19 09:59:00,Grocery,Debit Card
147,David,188.16,2024-02-04 04:54:00,Home Appliances,Cash
148,Charlie,464.48,2024-02-07 19:57:00,Clothing,Debit Card
149,Jack,468.59,2024-02-15 14:30:00,Grocery,UPI
150,Charlie,102.25,2024-02-02 23:08:00,Electronics,UPI
151,Alice,89.48,2024-02-12 20:38:00,Home Appliances,Debit Card
152,Alice,342.75,2024-02-21 13:33:00,Electronics,Credit Card
153,Alice,402.01,2024-02-05 07:12:00,Home Appliances,UPI
154,Eva,379.83,2024-02-12 12:33:00,Books,Net Banking
155,Ivy,233.23,2024-02-16 18:45:00,Home Appliances,Debit Card
156,Eva,294.87,2024-02-07 17:05:00,Grocery,UPI
157,Bob,289.22,2024-02-09 16:09:00,Clothing,Credit Card
158,Eva,144.43,2024-02-07 18:42:00,Electronics,UPI
159,Ivy,191.27,2024-02-20 06:46:00,Grocery,Debit Card
160,David,175.99,2024-02-19 01:52:00,Home Appliances,Credit Card
161,Frank,368.35,2024-02-02 14:23:00,Home Appliances,Net Banking
162,Eva,191.41,2024-02-15 15:41:00,Grocery,UPI
163,Hannah,74.52,2024-02-05 14:28:00,Grocery,Cash
164,Alice,404.31,2024-02-15 20:43:00,Clothing,Credit Card
165,Bob,372.21,2024-02-01 20:03:00,Grocery,Net Banking
166,Charlie,419.48,2024-02-15 05:22:00,Home Appliances,Credit Card
167,Charlie,406.08,2024-02-21 06:20:00,Grocery,Net Banking
168,Eva,351.26,2024-02-11 20:52:00,Books,UPI
169,Jack,352.31,2024-02-13 01:56:00,Books,UPI
170,Bob,325.2,2024-02-20 08:09:00,Electronics,Net Banking
171,Bob,150.73,2024-02-04 21:28:00,Electronics,Cash
172,Hannah,105.58,2024-02-14 09:02:00,Books,Cash
173,Bob,270.41,2024-02-18 18:14:00,Home Appliances,UPI
174,Grace,59.18,2024-02-04 23:10:00,Clothing,Net Banking
175,Bob,77.83,2024-02-05 08:31:00,Electronics,Debit Card
176,Alice,307.37,2024-02-01 14:44:00,Clothing,Net Banking
177,Bob,114.98,2024-02-02 12:13:00,Books,Net Banking
178,Frank,221.02,2024-02-18 16:45:00,Home Appliances,UPI
179,Frank,349.34,2024-02-08 05:43:00,Electronics,Debit Card
180,Alice,458.09,2024-02-17 22:36:00,Home Appliances,Net Banking
181,Charlie,440.08,2024-02-13 00:32:00,Home Appliances,Net Banking
182,Charlie,421.79,2024-02-01 17:29:00,Grocery,Cash
183,Ivy,199.39,2024-02-06 15:10:00,Clothing,Net Banking
184,Ivy,361.08,2024-02-02 04:49:00,Books,Credit Card
185,Alice,460.3,2024-02-19 11:28:00,Electronics,UPI
186,Charlie,412.26,2024-02-03 20:35:00,Books,Debit Card
187,Bob,437.19,2024-02-10 15:18:00,Clothing,Net Banking
188,Ivy,94.88,2024-02-14 23:59:00,Home Appliances,UPI
189,Alice,162.49,2024-02-06 01:31:00,Books,Credit Card
190,Grace,294.84,2024-02-01 09:08:00,Clothing,Debit Card
191,David,257.65,2024-02-02 05:00:00,Books,Net Banking
192,Charlie,268.95,2024-02-01 10:06:00,Electronics,Net Banking
193,Hannah,175.21,2024-02-02 12:22:00,Clothing,Cash
194,Ivy,160.12,2024-02-02 08:52:00,Electronics,Cash
195,Hannah,312.74,2024-02-19 12:08:00,Books,Cash
196,Ivy,457.17,2024-02-12 02:21:00,Books,UPI
197,Charlie,161.65,2024-02-10 18:06:00,Books,Cash
198,Eva,202.99,2024-02-21 05:50:00,Electronics,UPI
199,Alice,170.2,2024-02-04 04:20:00,Grocery,Debit Card
200,Charlie,382.24,2024-02-20 18:58:00,Home Appliances,Cash
201,David,338.47,2024-02-21 06:01:00,Electronics,Debit Card
202,Jack,222.19,2024-02-16 05:03:00,Clothing,UPI
203,Ivy,404.15,2024-02-10 23:02:00,Clothing,Debit Card
204,Alice,466.9,2024-02-13 14:27:00,Clothing,Debit Card
205,Ivy,487.31,2024-02-20 22:37:00,Grocery,Net Banking
206,Alice,115.44,2024-02-20 13:26:00,Electronics,Credit Card
207,Bob,367.8,2024-02-09 00:41:00,Grocery,Credit Card
208,David,295.39,2024-02-10 19:20:00,Books,Cash
209,Jack,306.66,2024-02-05 09:18:00,Electronics,Cash
210,Alice,418.09,2024-02-03 13:27:00,Clothing,Net Banking
211,Frank,87.04,2024-02-12 13:58:00,Grocery,Net Banking
212,Hannah,85.41,2024-02-18 20:42:00,Home Appliances,Cash
213,Bob,365.7,2024-02-15 00:55:00,Grocery,UPI
214,Bob,136.99,2024-02-18 08:18:00,Books,Credit Card
215,Bob,170.11,2024-02-18 15:06:00,Home Appliances,Cash
216,Hannah,304.84,2024-02-02 10:40:00,Home Appliances,Credit Card
217,Jack,389.24,2024-02-20 03:51:00,Home Appliances,UPI
218,Eva,185.72,2024-02-21 20:34:00,Books,Credit Card
219,Charlie,352.61,2024-02-13 12:33:00,Grocery,Cash
220,Ivy,180.13,2024-02-17 00:41:00,Books,Net Banking
221,Eva,195.33,2024-02-01 07:38:00,Grocery,Cash
222,Ivy,95.66,2024-02-06 13:30:00,Home Appliances,Credit Card
223,Grace,395.94,2024-02-14 18:09:00,Grocery,Cash
224,Bob,146.83,2024-02-01 19:19:00,Clothing,Credit Card
225,Ivy,494.95,2024-02-04 12:39:00,Electronics,Credit Card
226,Grace,392.94,2024-02-08 09:33:00,Grocery,Credit Card
227,Alice,348.9,2024-02-02 18:30:00,Electronics,Cash
228,Frank,166.59,2024-02-09 20:16:00,Electronics,Debit Card
229,Charlie,113.49,2024-02-15 11:51:00,Grocery,Cash
230,Ivy,400.38,2024-02-21 10:51:00,Grocery,Debit Card
231,Ivy,174.88,2024-02-01 18:00:00,Home Appliances,Net Banking
232,Charlie,256.64,2024-02-11 12:09:00,Grocery,Credit Card
233,Hannah,308.6,2024-02-06 17:30:00,Electronics,Cash
234,Bob,487.7,2024-02-21 03:55:00,Books,Cash
235,Grace,280.87,2024-02-07 15:41:00,Home Appliances,Credit Card
236,Jack,467.71,2024-02-21 21:52:00,Electronics,UPI
237,Jack,216.84,2024-02-17 15:06:00,Clothing,UPI
238,Bob,115.0,2024-02-08 04:25:00,Home Appliances,Credit Card
239,Alice,184.83,2024-02-17 03:31:00,Electronics,UPI
240,Bob,83.99,2024-02-01 02:43:00,Electronics,Debit Card
241,Frank,188.03,2024-02-15 11:05:00,Electronics,UPI
242,Bob,97.02,2024-02-11 23:47:00,Grocery,Credit Card
243,Eva,125.93,2024-02-06 04:08:00,Books,Credit Card
244,Grace,250.48,2024-02-09 15:58:00,Home Appliances,Cash
245,Alice,190.05,2024-02-01 05:06:00,Books,Credit Card
246,Bob,382.87,2024-02-01 19:49:00,Books,Debit Card
247,Charlie,141.45,2024-02-20 09:57:00,Books,UPI
248,Ivy,464.77,2024-02-13 06:34:00,Electronics,Debit Card
249,Grace,92.57,2024-02-15 17:43:00,Books,UPI
250,David,102.42,2024-02-08 22:10:00,Electronics,Credit Card
251,Ivy,475.94,2024-02-01 17:35:00,Books,UPI
252,Ivy,107.67,2024-02-04 01:08:00,Home Appliances,Cash
253,Charlie,229.68,2024-02-19 12:48:00,Home Appliances,Cash
254,Frank,289.55,2024-02-11 00:40:00,Clothing,Debit Card
255,Bob,264.21,2024-02-01 16:35:00,Clothing,Cash
256,Jack,156.18,2024-02-11 17:52:00,Grocery,Cash
257,Bob,100.95,2024-02-21 10:06:00,Electronics,Credit Card
258,Alice,225.26,2024-02-21 08:00:00,Grocery,Cash
259,Alice,482.8,2024-02-01 04:29:00,Books,Net Banking
260,Ivy,208.14,2024-02-21 05:33:00,Books,UPI
261,Grace,372.02,2024-02-15 07:05:00,Clothing,Debit Card
262,Grace,293.51,2024-02-13 23:49:00,Electronics,Net Banking
263,David,211.37,2024-02-04 14:37:00,Grocery,Net Banking
264,Grace,313.78,2024-02-11 16:17:00,Electronics,Debit Card
265,Charlie,121.4,2024-02-11 22:17:00,Books,Credit Card
266,Grace,356.63,2024-02-12 09:33:00,Clothing,UPI
267,Bob,75.9,2024-02-20 22:56:00,Electronics,Net Banking
268,Frank,480.99,2024-02-17 13:39:00,Home Appliances,UPI
269,Bob,88.02,2024-02-10 17:27:00,Books,Cash
270,Alice,220.19,2024-02-04 12:35:00,Electronics,Debit Card
271,Hannah,228.41,2024-02-09 05:24:00,Grocery,UPI
272,Ivy,63.87,2024-02-21 05:25:00,Grocery,Net Banking
273,Bob,436.68,2024-02-11 04:43:00,Clothing,UPI
274,Ivy,448.12,2024-02-04 15:29:00,Grocery,Debit Card
275,Jack,259.66,2024-02-05 10:55:00,Clothing,Debit Card
276,Eva,468.09,2024-02-12 22:47:00,Home Appliances,Net Banking
277,Eva,326.47,2024-02-05 11:49:00,Grocery,Cash
278,Charlie,155.99,2024-02-06 02:08:00,Home Appliances,Credit Card
279,Eva,374.83,2024-02-15 13:45:00,Home Appliances,Debit Card
280,Bob,131.17,2024-02-17 05:37:00,Home Appliances,Cash
281,Jack,444.94,2024-02-01 14:18:00,Grocery,Debit Card
282,David,95.57,2024-02-10 04:47:00,Electronics,Credit Card
283,David,391.33,2024-02-13 13:05:00,Electronics,Net Banking
284,Eva,268.47,2024-02-20 06:51:00,Grocery,UPI
285,Bob,209.95,2024-02-14 02:51:00,Home Appliances,UPI
286,Hannah,413.42,2024-02-10 12:36:00,Clothing,Cash
287,Ivy,62.89,2024-02-09 12:56:00,Home Appliances,Cash
288,Alice,392.82,2024-02-02 05:31:00,Home Appliances,Credit Card
289,Eva,445.72,2024-02-15 15:12:00,Grocery,Cash
290,David,147.04,2024-02-19 07:12:00,Clothing,UPI
291,Charlie,384.56,2024-02-07 10:16:00,Books,UPI
292,Jack,95.49,2024-02-09 09:56:00,Books,Credit Card
293,Ivy,206.65,2024-02-01 21:59:00,Books,Net Banking
294,Frank,245.72,2024-02-02 23:38:00,Electronics,Net Banking
295,Eva,109.12,2024-02-11 08:24:00,Grocery,UPI
296,Eva,445.56,2024-02-08 13:38:00,Books,Net Banking
297,Jack,100.44,2024-02-21 05:30:00,Home Appliances,Credit Card
298,Charlie,346.84,2024-02-01 02:05:00,Grocery,Credit Card
299,Frank,294.6,2024-02-09 13:42:00,Home Appliances,Debit Card
300,Alice,101.83,2024-02-05 07:09:00,Home Appliances,UPI
301,Ivy,201.94,2024-02-07 06:13:00,Home Appliances,Credit Card
302,Hannah,323.99,2024-02-15 21:17:00,Books,Net Banking
303,Charlie,112.29,2024-02-09 01:23:00,Grocery,Credit Card
304,David,379.44,2024-02-03 05:34:00,Grocery,Debit Card
305,Ivy,409.31,2024-02-18 13:13:00,Electronics,Net Banking
306,Frank,255.51,2024-02-08 04:03:00,Home Appliances,Debit Card
307,Ivy,224.24,2024-02-14 16:49:00,Electronics,Debit Card
308,Bob,217.45,2024-02-19 03:42:00,Grocery,Net Banking
309,Eva,245.73,2024-02-09 03:26:00,Electronics,UPI
310,Eva,162.42,2024-02-10 16:40:00,Electronics,Cash
311,David,435.86,2024-02-07 07:02:00,Home Appliances,Net Banking
312,Eva,411.09,2024-02-21 12:17:00,Clothing,Credit Card
313,Charlie,344.59,2024-02-09 05:38:00,Home Appliances,Credit Card
314,Frank,264.52,2024-02-02 11:17:00,Books,Net Banking
315,Frank,276.82,2024-02-02 09:47:00,Electronics,Net Banking
316,Ivy,448.43,2024-02-21 04:33:00,Grocery,Cash
317,Bob,374.06,2024-02-07 01:07:00,Electronics,Debit Card
318,Eva,155.0,2024-02-21 21:56:00,Clothing,Debit Card
319,Bob,289.57,2024-02-12 08:10:00,Books,UPI
320,David,74.19,2024-02-09 14:33:00,Grocery,Debit Card
321,David,449.21,2024-02-04 03:36:00,Clothing,Credit Card
322,Eva,335.48,2024-02-11 21:27:00,Grocery,UPI
323,David,52.04,2024-02-08 20:25:00,Grocery,Debit Card
324,Ivy,439.08,2024-02-13 08:52:00,Clothing,Debit Card
325,David,452.32,2024-02-17 22:30:00,Grocery,Credit Card
326,Grace,353.15,2024-02-04 10:38:00,Electronics,Debit Card
327,Ivy,144.69,2024-02-19 16:25:00,Books,UPI
328,David,189.71,2024-02-17 21:42:00,Books,Cash
329,Eva,302.48,2024-02-12 18:07:00,Home Appliances,UPI
330,Charlie,300.62,2024-02-03 15:49:00,Grocery,Credit Card
331,Charlie,325.94,2024-02-13 13:44:00,Electronics,Credit Card
332,Grace,181.39,2024-02-04 06:26:00,Books,Credit Card
333,Jack,436.07,2024-02-08 03:57:00,Grocery,UPI
334,Alice,281.44,2024-02-06 08:19:00,Electronics,Cash
335,Bob,264.05,2024-02-16 05:43:00,Grocery,Debit Card
336,Ivy,153.49,2024-02-15 08:03:00,Clothing,Credit Card
337,Grace,472.29,2024-02-19 11:46:00,Home Appliances,Cash
338,Charlie,373.1,2024-02-11 10:18:00,Grocery,Debit Card
339,Charlie,360.93,2024-02-20 12:55:00,Electronics,UPI
340,Bob,491.19,2024-02-09 09:44:00,Home Appliances,UPI
341,Hannah,440.21,2024-02-17 09:09:00,Electronics,Debit Card
342,Grace,97.04,2024-02-18 21:51:00,Books,UPI
343,Frank,65.87,2024-02-09 10:11:00,Clothing,UPI
344,Jack,293.11,2024-02-15 23:31:00,Books,Net Banking
345,Eva,324.01,2024-02-02 01:31:00,Grocery,Cash
346,Charlie,452.19,2024-02-20 02:50:00,Clothing,UPI
347,Bob,379.78,2024-02-13 01:38:00,Books,UPI
348,David,445.36,2024-02-01 00:06:00,Grocery,Debit Card
349,Hannah,329.89,2024-02-14 19:39:00,Home Appliances,UPI
350,Frank,279.22,2024-02-05 10:25:00,Clothing,Cash
351,David,403.73,2024-02-04 02:50:00,Clothing,UPI
352,David,246.68,2024-02-17 12:47:00,Electronics,Credit Card
353,Bob,211.92,2024-02-06 07:10:00,Electronics,Cash
354,Ivy,305.18,2024-02-12 13:05:00,Books,Credit Card
355,Grace,179.17,2024-02-08 23:03:00,Books,Net Banking
356,Alice,337.07,2024-02-12 17:19:00,Electronics,Net Banking
357,Jack,145.58,2024-02-17 03:34:00,Clothing,Cash
358,David,272.55,2024-02-13 05:25:00,Books,Debit Card
359,Jack,216.34,2024-02-19 08:39:00,Books,Debit Card
360,David,491.0,2024-02-14 13:28:00,Electronics,UPI
361,Charlie,471.52,2024-02-01 09:31:00,Grocery,Credit Card
362,Ivy,70.79,2024-02-11 20:36:00,Grocery,UPI
363,Frank,472.05,2024-02-20 23:19:00,Books,Cash
364,Alice,163.4,2024-02-14 18:45:00,Home Appliances,Net Banking
365,Alice,468.71,2024-02-13 02:01:00,Grocery,Debit Card
366,Eva,125.82,2024-02-06 09:47:00,Home Appliances,Cash
367,Grace,206.29,2024-02-03 16:36:00,Clothing,Net Banking
368,Charlie,102.53,2024-02-16 09:14:00,Home Appliances,Debit Card
369,Bob,306.83,2024-02-08 23:01:00,Books,UPI
370,Ivy,415.85,2024-02-05 01:53:00,Clothing,UPI
371,Ivy,139.43,2024-02-21 10:20:00,Home Appliances,Debit Card
372,Hannah,322.85,2024-02-12 19:31:00,Books,Cash
373,Hannah,140.45,2024-02-16 12:17:00,Grocery,Net Banking
374,Hannah,324.65,2024-02-10 11:15:00,Electronics,Net Banking
375,Jack,63.93,2024-02-10 15:28:00,Clothing,Credit Card
376,Bob,105.96,2024-02-17 03:49:00,Electronics,Credit Card
377,Frank,326.53,2024-02-19 03:09:00,Grocery,Credit Card
378,Charlie,365.87,2024-02-20 10:34:00,Books,Net Banking
379,Ivy,394.53,2024-02-18 21:32:00,Grocery,Credit Card
380,Frank,215.93,2024-02-12 20:08:00,Home Appliances,UPI
381,Eva,141.56,2024-02-15 04:00:00,Grocery,Net Banking
382,Alice,323.68,2024-02-04 15:08:00,Electronics,Cash
383,Jack,470.33,2024-02-04 20:24:00,Home Appliances,Net Banking
384,Eva,84.0,2024-02-09 04:48:00,Home Appliances,Debit Card
385,Frank,481.35,2024-02-19 02:07:00,Books,Cash
386,Bob,482.78,2024-02-20 18:55:00,Books,Credit Card
387,Frank,206.86,2024-02-01 21:38:00,Home Appliances,Cash
388,Grace,451.31,2024-02-21 03:08:00,Electronics,Credit Card
389,Ivy,145.59,2024-02-05 07:35:00,Clothing,Debit Card
390,Alice,97.75,2024-02-09 11:44:00,Home Appliances,Credit Card
391,Grace,447.99,2024-02-18 00:29:00,Electronics,Cash
392,Alice,420.21,2024-02-01 05:36:00,Books,Cash
393,Ivy,275.6,2024-02-02 07:08:00,Clothing,Net Banking
394,Alice,416.91,2024-02-09 16:02:00,Home Appliances,Cash
395,Jack,423.5,2024-02-10 08:54:00,Home Appliances,Cash
396,Frank,165.38,2024-02-21 10:51:00,Grocery,Debit Card
397,Frank,121.71,2024-02-10 03:34:00,Grocery,Credit Card
398,Grace,413.2,2024-02-20 02:45:00,Grocery,Net Banking
399,Frank,405.09,2024-02-17 12:08:00,Electronics,Cash
400,David,108.09,2024-02-02 05:09:00,Grocery,UPI
401,Frank,179.98,2024-02-20 05:30:00,Electronics,Cash
402,Alice,486.59,2024-02-15 03:00:00,Electronics,Cash
403,Hannah,450.07,2024-02-10 17:32:00,Home Appliances,Debit Card
404,Charlie,415.27,2024-02-20 04:54:00,Grocery,Credit Card
405,Eva,378.83,2024-02-12 16:04:00,Grocery,UPI
406,Jack,383.62,2024-02-11 08:05:00,Grocery,UPI
407,Jack,216.86,2024-02-21 09:09:00,Clothing,Debit Card
408,Alice,276.24,2024-02-18 21:40:00,Clothing,Cash
409,Frank,158.77,2024-02-17 01:27:00,Grocery,Debit Card
410,Grace,99.76,2024-02-11 05:47:00,Clothing,UPI
411,David,267.81,2024-02-08 12:16:00,Clothing,Debit Card
412,Alice,127.33,2024-02-21 19:26:00,Grocery,UPI
413,Alice,221.31,2024-02-16 01:13:00,Clothing,Net Banking
414,David,308.2,2024-02-14 03:02:00,Grocery,Credit Card
415,Alice,197.09,2024-02-03 20:15:00,Books,Debit Card
416,Bob,273.51,2024-02-04 23:42:00,Grocery,UPI
417,Jack,457.45,2024-02-16 08:19:00,Grocery,Cash
418,David,104.6,2024-02-15 15:48:00,Home Appliances,Credit Card
419,David,274.45,2024-02-01 22:27:00,Electronics,Net Banking
420,Charlie,326.0,2024-02-13 04:44:00,Electronics,UPI
421,Grace,243.99,2024-02-01 18:32:00,Grocery,Credit Card
422,Bob,211.46,2024-02-01 01:40:00,Books,Credit Card
423,David,354.92,2024-02-04 09:00:00,Clothing,UPI
424,Jack,71.02,2024-02-15 02:03:00,Home Appliances,Debit Card
425,Grace,305.23,2024-02-07 15:50:00,Home Appliances,Debit Card
426,Charlie,110.48,2024-02-03 22:36:00,Home Appliances,Net Banking
427,David,214.83,2024-02-20 21:50:00,Grocery,Net Banking
428,Alice,450.89,2024-02-07 00:13:00,Books,Credit Card
429,Frank,242.52,2024-02-01 18:59:00,Home Appliances,UPI
430,Jack,448.78,2024-02-15 12:08:00,Grocery,Debit Card
431,Charlie,266.82,2024-02-20 21:43:00,Books,Net Banking
432,Alice,231.15,2024-02-05 19:09:00,Clothing,Debit Card
433,Alice,464.75,2024-02-09 17:40:00,Grocery,Debit Card
434,Charlie,215.15,2024-02-08 22:15:00,Electronics,Debit Card
435,David,79.48,2024-02-21 04:24:00,Books,Cash
436,Frank,56.75,2024-02-19 00:29:00,Books,Debit Card
437,Ivy,354.42,2024-02-05 01:28:00,Books,Credit Card
438,Jack,374.65,2024-02-13 16:41:00,Clothing,Net Banking
439,David,349.35,2024-02-17 00:10:00,Grocery,Debit Card
440,Eva,355.01,2024-02-12 16:41:00,Electronics,Net Banking
441,Eva,160.19,2024-02-14 04:44:00,Grocery,UPI
442,Ivy,355.9,2024-02-18 03:28:00,Books,Net Banking
443,Hannah,435.25,2024-02-20 12:10:00,Home Appliances,Debit Card
444,Grace,406.4,2024-02-13 22:43:00,Clothing,Credit Card
445,Hannah,61.71,2024-02-18 09:54:00,Home Appliances,Credit Card
446,Alice,180.39,2024-02-20 12:24:00,Clothing,Net Banking
447,Grace,486.06,2024-02-02 22:22:00,Electronics,Net Banking
448,Alice,461.71,2024-02-08 00:33:00,Home Appliances,Net Banking
449,Frank,350.99,2024-02-08 12:38:00,Electronics,Debit Card
450,Hannah,172.39,2024-02-21 18:06:00,Books,Debit Card
451,Alice,144.68,2024-02-10 21:51:00,Books,Net Banking
452,Jack,433.54,2024-02-05 15:24:00,Clothing,Net Banking
453,Frank,212.07,2024-02-08 09:50:00,Grocery,Credit Card
454,Jack,433.39,2024-02-05 17:25:00,Home Appliances,Debit Card
455,David,486.55,2024-02-07 13:00:00,Electronics,Cash
456,Charlie,484.75,2024-02-05 01:19:00,Books,Credit Card
457,Bob,434.61,2024-02-03 10:50:00,Books,Credit Card
458,Bob,198.36,2024-02-03 02:20:00,Electronics,UPI
459,David,385.36,2024-02-19 18:06:00,Electronics,Credit Card
460,Hannah,220.36,2024-02-16 01:40:00,Home Appliances,Credit Card
461,Alice,395.34,2024-02-15 11:07:00,Books,Credit Card
462,David,409.04,2024-02-02 13:32:00,Electronics,UPI
463,Alice,315.73,2024-02-15 21:51:00,Electronics,Credit Card
464,Ivy,61.45,2024-02-18 04:41:00,Grocery,Net Banking
465,David,134.38,2024-02-20 05:55:00,Books,Credit Card
466,Charlie,51.68,2024-02-11 20:41:00,Home Appliances,Credit Card
467,Bob,78.0,2024-02-08 16:18:00,Electronics,Cash
468,Jack,79.08,2024-02-19 14:19:00,Clothing,Credit Card
469,Eva,483.69,2024-02-08 04:06:00,Clothing,Cash
470,Bob,295.35,2024-02-10 07:39:00,Books,UPI
471,Alice,90.75,2024-02-04 13:08:00,Books,Cash
472,Hannah,438.82,2024-02-06 14:47:00,Grocery,Credit Card
473,Charlie,270.4,2024-02-16 09:50:00,Home Appliances,Debit Card
474,Hannah,115.19,2024-02-01 15:31:00,Books,UPI
475,David,241.39,2024-02-08 09:20:00,Clothing,UPI
476,Frank,234.67,2024-02-13 21:44:00,Home Appliances,Cash
477,Charlie,231.42,2024-02-13 10:56:00,Clothing,Cash
478,Eva,206.95,2024-02-07 04:33:00,Grocery,UPI
479,Charlie,178.18,2024-02-07 10:59:00,Grocery,Credit Card
480,David,438.17,2024-02-09 23:49:00,Clothing,UPI
481,Alice,220.85,2024-02-15 08:15:00,Clothing,UPI
482,Jack,242.4,2024-02-13 08:55:00,Clothing,Cash
483,Hannah,71.56,2024-02-11 13:07:00,Books,Cash
484,Ivy,252.85,2024-02-12 16:01:00,Books,Credit Card
485,Jack,451.89,2024-02-21 03:46:00,Electronics,Debit Card
486,Grace,358.21,2024-02-15 02:44:00,Home Appliances,Credit Card
487,Grace,127.84,2024-02-15 11:13:00,Clothing,Cash
488,Alice,239.75,2024-02-05 02:47:00,Clothing,Net Banking
489,Hannah,104.43,2024-02-13 04:38:00,Electronics,UPI
490,Bob,385.55,2024-02-11 04:43:00,Home Appliances,Credit Card
491,Frank,460.77,2024-02-14 19:56:00,Electronics,UPI
492,Jack,183.53,2024-02-18 09:23:00,Books,Credit Card
493,Charlie,467.06,2024-02-01 07:33:00,Home Appliances,Credit Card
494,Frank,408.19,2024-02-18 17:32:00,Books,UPI
495,Charlie,489.87,2024-02-18 19:07:00,Electronics,UPI
496,Alice,369.96,2024-02-21 03:54:00,Home Appliances,Cash
497,Bob,275.27,2024-02-09 11:17:00,Home Appliances,UPI
498,Jack,117.98,2024-02-04 23:29:00,Grocery,Net Banking
499,David,292.78,2024-02-05 23:48:00,Grocery,Net Banking
500,Ivy,64.65,2024-02-12 05:24:00,Electronics,Credit Card
501,Frank,386.86,2024-02-02 20:15:00,Clothing,Credit Card
502,Frank,423.96,2024-02-15 03:40:00,Electronics,UPI
503,Eva,228.52,2024-02-11 10:38:00,Electronics,Credit Card
504,Eva,444.13,2024-02-04 00:19:00,Grocery,Credit Card
505,Jack,120.37,2024-02-06 05:10:00,Electronics,Cash
506,Alice,163.64,2024-02-14 02:00:00,Grocery,Credit Card
507,Bob,100.79,2024-02-18 19:54:00,Grocery,Cash
508,Hannah,86.85,2024-02-09 17:48:00,Books,Credit Card
509,Hannah,96.07,2024-02-07 05:44:00,Electronics,Cash
510,David,287.53,2024-02-05 00:10:00,Electronics,UPI
511,Charlie,147.36,2024-02-11 14:20:00,Books,Credit Card
512,Bob,348.63,2024-02-08 00:42:00,Books,UPI
513,Charlie,376.05,2024-02-02 20:26:00,Clothing,Net Banking
514,Jack,388.52,2024-02-11 18:16:00,Home Appliances,Cash
515,Frank,456.06,2024-02-14 00:38:00,Grocery,Net Banking
516,Alice,110.02,2024-02-06 03:44:00,Clothing,Debit Card
517,Alice,106.2,2024-02-15 20:50:00,Books,Credit Card
518,Frank,135.31,2024-02-18 09:17:00,Grocery,Debit Card
519,Frank,60.67,2024-02-12 08:00:00,Home Appliances,Debit Card
520,Hannah,450.78,2024-02-14 16:00:00,Grocery,Debit Card
521,Ivy,187.2,2024-02-14 14:02:00,Clothing,UPI
522,Eva,423.27,2024-02-09 21:30:00,Clothing,Net Banking
523,Jack,225.17,2024-02-14 08:50:00,Grocery,Credit Card
524,David,257.86,2024-02-09 08:07:00,Home Appliances,UPI
525,Frank,194.24,2024-02-06 15:02:00,Books,Debit Card
526,Frank,148.02,2024-02-04 14:19:00,Home Appliances,Debit Card
527,Jack,130.08,2024-02-15 02:38:00,Books,Debit Card
528,Jack,224.25,2024-02-12 21:00:00,Electronics,Debit Card
529,David,445.86,2024-02-16 11:01:00,Clothing,Net Banking
530,David,185.53,2024-02-05 07:50:00,Electronics,Net Banking
531,Bob,356.26,2024-02-17 16:28:00,Home Appliances,Credit Card
532,Frank,305.89,2024-02-19 07:54:00,Grocery,UPI
533,Charlie,191.33,2024-02-07 04:26:00,Electronics,Net Banking
534,Frank,93.73,2024-02-09 01:54:00,Electronics,Credit Card
535,Alice,168.13,2024-02-04 01:28:00,Electronics,UPI
536,Jack,482.66,2024-02-14 22:45:00,Electronics,Debit Card
537,David,173.21,2024-02-04 08:59:00,Electronics,Debit Card
538,Jack,344.38,2024-02-21 22:03:00,Books,Credit Card
539,Alice,198.99,2024-02-11 21:09:00,Home Appliances,Cash
540,David,229.99,2024-02-15 11:18:00,Home Appliances,Cash
541,Eva,424.21,2024-02-10 17:02:00,Books,Debit Card
542,Grace,315.8,2024-02-16 13:33:00,Books,Credit Card
543,Ivy,452.19,2024-02-07 13:02:00,Electronics,Cash
544,Charlie,85.04,2024-02-13 15:51:00,Clothing,Net Banking
545,Hannah,230.15,2024-02-10 12:30:00,Grocery,Net Banking
546,Jack,390.42,2024-02-10 04:44:00,Electronics,Cash
547,Ivy,246.27,2024-02-03 21:23:00,Electronics,Cash
548,Frank,122.27,2024-02-07 20:04:00,Clothing,Debit Card
549,Hannah,491.21,2024-02-16 08:45:00,Home Appliances,Net Banking
550,Hannah,162.53,2024-02-21 11:31:00,Grocery,Debit Card
551,Eva,319.79,2024-02-14 06:55:00,Grocery,Net Banking
552,David,402.98,2024-02-13 03:13:00,Electronics,Cash
553,Alice,325.12,2024-02-20 09:52:00,Grocery,UPI
554,Grace,367.61,2024-02-19 05:34:00,Grocery,Debit Card
555,Frank,78.47,2024-02-05 13:04:00,Grocery,Cash
556,Eva,164.24,2024-02-11 21:26:00,Books,Credit Card
557,Hannah,153.82,2024-02-05 16:22:00,Books,Credit Card
558,Charlie,166.01,2024-02-18 22:24:00,Home Appliances,Net Banking
559,Bob,78.4,2024-02-06 22:44:00,Home Appliances,Credit Card
560,David,374.71,2024-02-01 04:20:00,Clothing,Cash
561,Grace,60.15,2024-02-12 19:59:00,Clothing,Credit Card
562,Alice,353.87,2024-02-10 05:36:00,Clothing,Debit Card
563,Jack,208.64,2024-02-03 10:50:00,Books,Net Banking
564,Bob,343.08,2024-02-05 01:14:00,Grocery,Credit Card
565,Frank,468.35,2024-02-08 08:47:00,Books,Cash
566,Frank,206.61,2024-02-09 20:23:00,Clothing,Debit Card
567,David,237.89,2024-02-12 13:44:00,Books,Net Banking
568,Hannah,106.09,2024-02-19 18:00:00,Electronics,Net Banking
569,Charlie,90.54,2024-02-17 01:00:00,Clothing,Debit Card
570,Jack,65.59,2024-02-07 17:52:00,Grocery,Cash
571,Hannah,344.6,2024-02-12 22:03:00,Home Appliances,Credit Card
572,Bob,130.38,2024-02-01 20:39:00,Clothing,Net Banking
573,Alice,448.66,2024-02-09 13:02:00,Home Appliances,Credit Card
574,Alice,218.88,2024-02-03 21:09:00,Electronics,UPI
575,Ivy,421.84,2024-02-11 18:23:00,Home Appliances,Credit Card
576,Alice,284.01,2024-02-11 17:03:00,Electronics,Cash
577,Hannah,212.74,2024-02-06 00:03:00,Grocery,Cash
578,Jack,127.4,2024-02-05 22:47:00,Electronics,Cash
579,Grace,239.3,2024-02-05 18:28:00,Electronics,Debit Card
580,Ivy,352.73,2024-02-14 07:32:00,Home Appliances,Net Banking
581,Eva,263.93,2024-02-18 02:26:00,Clothing,Credit Card
582,Frank,298.49,2024-02-10 13:15:00,Electronics,Net Banking
583,Hannah,482.44,2024-02-17 20:46:00,Grocery,UPI
584,Bob,250.83,2024-02-12 10:50:00,Clothing,Credit Card
585,Frank,156.19,2024-02-03 13:31:00,Home Appliances,UPI
586,Hannah,341.47,2024-02-19 19:33:00,Clothing,Credit Card
587,Alice,94.82,2024-02-17 01:30:00,Clothing,Debit Card
588,Alice,55.69,2024-02-01 06:08:00,Clothing,Credit Card
589,David,409.42,2024-02-13 09:50:00,Books,UPI
590,Grace,427.25,2024-02-10 06:55:00,Home Appliances,Cash
591,Hannah,184.9,2024-02-07 20:22:00,Electronics,UPI
592,Charlie,69.47,2024-02-17 15:17:00,Electronics,Net Banking
593,Bob,150.51,2024-02-12 12:30:00,Grocery,Cash
594,Hannah,261.27,2024-02-17 17:20:00,Home Appliances,Debit Card
595,Frank,62.81,2024-02-18 02:13:00,Home Appliances,UPI
596,Hannah,257.83,2024-02-06 19:42:00,Electronics,UPI
597,Jack,442.64,2024-02-13 20:39:00,Clothing,Credit Card
598,David,229.95,2024-02-04 17:52:00,Electronics,Net Banking
599,Frank,362.96,2024-02-20 09:07:00,Electronics,Credit Card
600,Hannah,109.4,2024-02-21 00:41:00,Electronics,UPI
601,David,299.87,2024-02-06 09:26:00,Electronics,Cash
602,Hannah,299.09,2024-02-17 12:07:00,Books,UPI
603,David,308.56,2024-02-10 22:37:00,Books,Cash
604,David,295.61,2024-02-04 08:08:00,Electronics,Debit Card
605,David,322.72,2024-02-03 22:38:00,Electronics,UPI
606,Grace,442.22,2024-02-17 08:18:00,Grocery,UPI
607,Alice,327.15,2024-02-13 09:52:00,Grocery,Cash
608,Frank,223.62,2024-02-21 06:47:00,Books,Credit Card
609,Charlie,484.12,2024-02-21 13:28:00,Home Appliances,Credit Card
610,Eva,426.06,2024-02-02 06:03:00,Grocery,Cash
611,Jack,123.66,2024-02-16 12:37:00,Clothing,Debit Card
612,Jack,287.89,2024-02-02 06:56:00,Books,UPI
613,Jack,472.09,2024-02-13 07:18:00,Home Appliances,Net Banking
614,Grace,351.69,2024-02-15 23:39:00,Home Appliances,Cash
615,Ivy,281.94,2024-02-12 22:01:00,Electronics,UPI
616,Jack,59.78,2024-02-08 01:32:00,Clothing,UPI
617,Hannah,190.36,2024-02-10 16:15:00,Home Appliances,Debit Card
618,Charlie,482.67,2024-02-21 21:16:00,Electronics,Debit Card
619,Hannah,489.41,2024-02-10 13:04:00,Clothing,Net Banking
620,Alice,434.83,2024-02-19 12:50:00,Clothing,Net Banking
621,Grace,110.23,2024-02-04 00:24:00,Home Appliances,Debit Card
622,Grace,138.37,2024-02-01 03:20:00,Books,Credit Card
623,Grace,235.23,2024-02-16 10:29:00,Books,Net Banking
624,Hannah,50.79,2024-02-08 18:31:00,Grocery,Credit Card
625,Alice,127.76,2024-02-03 13:35:00,Home Appliances,Cash
626,Hannah,364.93,2024-02-12 16:08:00,Grocery,Cash
627,Grace,51.96,2024-02-05 05:54:00,Grocery,UPI
628,Grace,175.69,2024-02-03 08:18:00,Clothing,Debit Card
629,Jack,72.87,2024-02-13 21:01:00,Clothing,Net Banking
630,Grace,391.85,2024-02-11 16:46:00,Clothing,Net Banking
631,Charlie,487.2,2024-02-06 06:40:00,Home Appliances,Cash
632,Frank,179.0,2024-02-15 01:41:00,Clothing,Credit Card
633,David,425.27,2024-02-03 18:11:00,Home Appliances,Net Banking
634,Eva,349.0,2024-02-01 08:37:00,Home Appliances,Credit Card
635,Frank,249.39,2024-02-02 11:43:00,Home Appliances,Credit Card
636,David,105.58,2024-02-02 03:02:00,Books,UPI
637,Ivy,73.19,2024-02-05 05:24:00,Books,Debit Card
638,Hannah,323.29,2024-02-08 09:46:00,Electronics,Net Banking
639,Eva,301.99,2024-02-01 11:41:00,Grocery,Credit Card
640,Frank,214.11,2024-02-08 10:29:00,Books,UPI
641,Grace,145.06,2024-02-04 17:17:00,Home Appliances,Debit Card
642,Frank,430.11,2024-02-01 17:30:00,Home Appliances,Debit Card
643,Alice,445.7,2024-02-13 15:24:00,Electronics,Credit Card
644,Alice,318.84,2024-02-01 11:07:00,Grocery,UPI
645,Alice,204.86,2024-02-16 18:05:00,Electronics,Debit Card
646,Hannah,117.36,2024-02-10 02:58:00,Grocery,Debit Card
647,Alice,54.89,2024-02-13 19:53:00,Books,Net Banking
648,Hannah,275.85,2024-02-05 19:17:00,Clothing,UPI
649,Grace,452.43,2024-02-15 03:20:00,Grocery,Cash
650,Hannah,421.34,2024-02-09 15:37:00,Books,UPI
651,Alice,219.01,2024-02-11 05:39:00,Home Appliances,Net Banking
652,Grace,345.5,2024-02-07 06:34:00,Home Appliances,Cash
653,Frank,438.99,2024-02-17 20:21:00,Home Appliances,UPI
654,Bob,227.01,2024-02-04 01:33:00,Clothing,Cash
655,Frank,406.41,2024-02-05 14:03:00,Books,Credit Card
656,Alice,282.08,2024-02-17 03:50:00,Grocery,Debit Card
657,Frank,490.19,2024-02-02 16:58:00,Electronics,Credit Card
658,Grace,303.05,2024-02-17 05:02:00,Electronics,UPI
659,Ivy,51.84,2024-02-10 21:21:00,Clothing,Debit Card
660,Bob,497.12,2024-02-12 17:45:00,Books,Credit Card
661,Alice,278.17,2024-02-19 23:12:00,Clothing,UPI
662,Alice,337.14,2024-02-08 20:15:00,Clothing,Cash
663,Hannah,425.44,2024-02-15 15:08:00,Electronics,UPI
664,Grace,351.46,2024-02-17 08:29:00,Books,Net Banking
665,Eva,429.69,2024-02-18 03:42:00,Grocery,Net Banking
666,Jack,68.75,2024-02-03 10:55:00,Home Appliances,UPI
667,Charlie,441.4,2024-02-15 18:33:00,Clothing,UPI
668,Ivy,423.52,2024-02-12 17:40:00,Clothing,Debit Card
669,Frank,397.36,2024-02-14 02:28:00,Grocery,Net Banking
670,Ivy,467.99,2024-02-19 17:20:00,Electronics,Debit Card
671,David,60.72,2024-02-04 08:43:00,Electronics,Credit Card
672,Frank,363.28,2024-02-19 03:50:00,Grocery,Debit Card
673,Alice,389.04,2024-02-16 18:51:00,Grocery,UPI
674,Alice,135.2,2024-02-17 06:36:00,Electronics,Cash
675,David,127.95,2024-02-14 07:01:00,Books,Debit Card
676,Bob,304.58,2024-02-07 10:32:00,Books,Net Banking
677,Grace,478.6,2024-02-10 05:10:00,Home Appliances,Net Banking
678,Frank,97.8,2024-02-05 09:20:00,Grocery,Debit Card
679,Alice,308.81,2024-02-18 06:56:00,Clothing,Cash
680,Eva,131.19,2024-02-12 14:10:00,Clothing,UPI
681,Frank,233.06,2024-02-08 11:38:00,Electronics,UPI
682,Jack,407.29,2024-02-03 16:58:00,Grocery,Debit Card
683,Hannah,66.64,2024-02-08 12:14:00,Books,Cash
684,Frank,401.98,2024-02-02 00:28:00,Electronics,Cash
685,Hannah,314.26,2024-02-17 15:26:00,Home Appliances,Debit Card
686,Bob,407.43,2024-02-01 00:40:00,Books,UPI
687,David,426.97,2024-02-20 15:49:00,Clothing,Cash
688,Frank,93.64,2024-02-15 07:58:00,Grocery,Cash
689,Bob,129.58,2024-02-17 18:20:00,Electronics,Net Banking
690,Bob,389.1,2024-02-03 17:21:00,Home Appliances,Credit Card
691,Eva,239.81,2024-02-07 21:15:00,Electronics,Credit Card
692,Charlie,493.09,2024-02-11 15:29:00,Home Appliances,Net Banking
693,David,359.51,2024-02-08 18:07:00,Home Appliances,UPI
694,Grace,115.64,2024-02-11 08:26:00,Home Appliances,Net Banking
695,Hannah,387.66,2024-02-18 01:33:00,Grocery,Net Banking
696,Grace,303.51,2024-02-07 04:01:00,Home Appliances,Net Banking
697,Frank,378.14,2024-02-06 09:51:00,Home Appliances,UPI
698,Eva,310.05,2024-02-17 01:30:00,Clothing,UPI
699,David,104.08,2024-02-05 01:49:00,Electronics,Net Banking
700,Bob,453.58,2024-02-19 10:16:00,Clothing,Cash
701,Ivy,334.92,2024-02-07 13:07:00,Books,Credit Card
702,Eva,136.12,2024-02-19 20:03:00,Clothing,Credit Card
703,Alice,180.6,2024-02-10 13:51:00,Home Appliances,UPI
704,Jack,163.42,2024-02-11 12:18:00,Books,Cash
705,Eva,486.43,2024-02-18 15:37:00,Home Appliances,Debit Card
706,Ivy,138.1,2024-02-07 06:28:00,Clothing,UPI
707,Charlie,149.41,2024-02-06 08:14:00,Grocery,Cash
708,Grace,215.16,2024-02-20 23:50:00,Home Appliances,Net Banking
709,Charlie,98.59,2024-02-01 16:35:00,Home Appliances,UPI
710,Bob,281.97,2024-02-15 22:48:00,Electronics,UPI
711,Grace,332.99,2024-02-21 18:40:00,Clothing,Credit Card
712,Alice,151.47,2024-02-04 11:32:00,Electronics,Cash
713,Charlie,54.85,2024-02-01 21:23:00,Home Appliances,Net Banking
714,Bob,479.37,2024-02-08 10:24:00,Clothing,UPI
715,Hannah,301.99,2024-02-01 09:40:00,Home Appliances,Debit Card
716,Ivy,208.17,2024-02-20 19:16:00,Electronics,Cash
717,Eva,419.28,2024-02-15 01:08:00,Books,Cash
718,Bob,83.33,2024-02-08 05:55:00,Clothing,Credit Card
719,Bob,238.29,2024-02-20 10:23:00,Books,Debit Card
720,Jack,299.25,2024-02-03 08:55:00,Home Appliances,Cash
721,Alice,415.2,2024-02-01 17:05:00,Home Appliances,Credit Card
722,Grace,90.99,2024-02-09 04:59:00,Grocery,UPI
723,Eva,257.37,2024-02-03 00:31:00,Books,Credit Card
724,David,61.06,2024-02-03 09:47:00,Electronics,Credit Card
725,Bob,371.92,2024-02-04 15:33:00,Home Appliances,Debit Card
726,Grace,77.93,2024-02-18 14:20:00,Home Appliances,UPI
727,David,214.02,2024-02-09 10:57:00,Electronics,Debit Card
728,Jack,113.23,2024-02-06 09:06:00,Home Appliances,UPI
729,Jack,475.18,2024-02-15 03:56:00,Books,Cash
730,Charlie,348.84,2024-02-02 09:32:00,Clothing,Debit Card
731,Charlie,266.78,2024-02-07 18:14:00,Clothing,Debit Card
732,Frank,404.01,2024-02-01 06:23:00,Home Appliances,Cash
733,Jack,92.25,2024-02-13 09:08:00,Electronics,Net Banking
734,Alice,269.21,2024-02-09 01:35:00,Clothing,UPI
735,David,119.17,2024-02-02 22:31:00,Grocery,Net Banking
736,Bob,166.39,2024-02-05 16:12:00,Books,Cash
737,Charlie,139.93,2024-02-09 02:35:00,Books,Cash
738,Hannah,360.16,2024-02-20 19:39:00,Grocery,Net Banking
739,Grace,481.26,2024-02-01 21:32:00,Electronics,UPI
740,Jack,187.06,2024-02-20 02:04:00,Home Appliances,Net Banking
741,Grace,472.3,2024-02-19 08:15:00,Books,Credit Card
742,Frank,168.46,2024-02-11 18:03:00,Electronics,Debit Card
743,Eva,162.23,2024-02-06 09:26:00,Home Appliances,Debit Card
744,Grace,348.59,2024-02-14 03:06:00,Clothing,Debit Card
745,Grace,193.39,2024-02-16 14:42:00,Electronics,Cash
746,Alice,151.97,2024-02-09 13:09:00,Grocery,Cash
747,Bob,134.63,2024-02-11 01:39:00,Clothing,UPI
748,Grace,282.5,2024-02-15 06:38:00,Clothing,Cash
749,Ivy,186.21,2024-02-18 15:01:00,Books,UPI
750,Frank,254.16,2024-02-08 23:21:00,Electronics,Credit Card
751,Bob,86.39,2024-02-03 00:37:00,Grocery,Credit Card
752,Ivy,310.68,2024-02-14 17:46:00,Home Appliances,Cash
753,Frank,159.22,2024-02-16 19:49:00,Books,UPI
754,Hannah,122.58,2024-02-11 20:36:00,Grocery,UPI
755,Grace,79.54,2024-02-21 22:04:00,Grocery,Net Banking
756,Hannah,436.38,2024-02-11 22:50:00,Books,UPI
757,Grace,100.81,2024-02-10 05:50:00,Home Appliances,UPI
758,Hannah,433.35,2024-02-05 15:33:00,Books,Credit Card
759,Eva,336.45,2024-02-03 10:52:00,Electronics,UPI
760,Grace,150.68,2024-02-16 15:16:00,Home Appliances,Net Banking
761,Charlie,128.41,2024-02-08 16:41:00,Clothing,Cash
762,Alice,264.8,2024-02-18 19:24:00,Grocery,Cash
763,Hannah,161.47,2024-02-14 04:34:00,Clothing,Debit Card
764,Jack,402.55,2024-02-15 13:30:00,Electronics,UPI
765,Jack,289.51,2024-02-05 14:08:00,Home Appliances,Debit Card
766,Jack,216.93,2024-02-10 09:01:00,Books,UPI
767,Bob,452.11,2024-02-16 03:55:00,Grocery,Credit Card
768,David,205.61,2024-02-07 03:28:00,Electronics,Cash
769,Charlie,62.21,2024-02-13 11:50:00,Books,Debit Card
770,Bob,237.57,2024-02-20 09:22:00,Grocery,UPI
771,Alice,284.98,2024-02-16 08:28:00,Electronics,UPI
772,Alice,320.38,2024-02-09 21:52:00,Clothing,Net Banking
773,Alice,394.44,2024-02-13 02:25:00,Books,Credit Card
774,Bob,376.78,2024-02-06 15:47:00,Electronics,Net Banking
775,Alice,275.38,2024-02-09 04:14:00,Home Appliances,Debit Card
776,Bob,72.12,2024-02-09 07:30:00,Home Appliances,Credit Card
777,Grace,102.03,2024-02-03 10:14:00,Home Appliances,Cash
778,David,437.43,2024-02-01 21:56:00,Grocery,UPI
779,Ivy,64.23,2024-02-15 05:16:00,Books,Net Banking
780,Jack,476.05,2024-02-21 20:53:00,Grocery,Net Banking
781,Ivy,216.94,2024-02-14 16:12:00,Books,Cash
782,Jack,430.62,2024-02-08 02:24:00,Home Appliances,Net Banking
783,Ivy,379.36,2024-02-15 17:44:00,Electronics,Cash
784,Eva,366.43,2024-02-18 22:30:00,Electronics,Debit Card
785,Charlie,290.95,2024-02-18 01:27:00,Grocery,UPI
786,Eva,181.92,2024-02-14 16:22:00,Books,Debit Card
787,Alice,493.06,2024-02-12 22:42:00,Grocery,Net Banking
788,Alice,255.06,2024-02-06 15:47:00,Clothing,UPI
789,Frank,160.73,2024-02-06 01:43:00,Grocery,Credit Card
790,Hannah,113.87,2024-02-04 04:41:00,Home Appliances,Debit Card
791,Jack,315.24,2024-02-19 22:43:00,Books,Debit Card
792,Frank,422.29,2024-02-21 23:56:00,Clothing,Debit Card
793,Alice,180.4,2024-02-10 10:35:00,Electronics,Credit Card
794,Frank,375.34,2024-02-01 00:25:00,Grocery,Cash
795,Ivy,384.44,2024-02-07 21:15:00,Electronics,Cash
796,Alice,215.82,2024-02-06 18:16:00,Electronics,Credit Card
797,Jack,94.29,2024-02-05 02:18:00,Electronics,Credit Card
798,Jack,312.09,2024-02-02 15:39:00,Grocery,Credit Card
799,Charlie,410.19,2024-02-15 01:19:00,Home Appliances,UPI
800,Ivy,171.06,2024-02-09 10:50:00,Clothing,Debit Card
801,Grace,113.03,2024-02-17 02:15:00,Books,Cash
802,Jack,280.27,2024-02-16 08:25:00,Home Appliances,Credit Card
803,Grace,446.27,2024-02-01 23:06:00,Electronics,Debit Card
804,Grace,81.82,2024-02-01 07:22:00,Clothing,Cash
805,Bob,319.34,2024-02-16 02:43:00,Clothing,Debit Card
806,Frank,402.75,2024-02-10 14:21:00,Clothing,Cash
807,Grace,440.07,2024-02-03 19:31:00,Books,Credit Card
808,Ivy,297.08,2024-02-12 23:55:00,Books,Cash
809,Frank,464.9,2024-02-16 15:58:00,Home Appliances,Cash
810,Eva,328.42,2024-02-19 00:36:00,Books,Net Banking
811,Frank,119.61,2024-02-07 05:34:00,Home Appliances,Credit Card
812,Charlie,261.42,2024-02-02 00:03:00,Home Appliances,Credit Card
813,Hannah,66.91,2024-02-11 01:13:00,Home Appliances,Credit Card
814,Charlie,243.81,2024-02-19 18:11:00,Clothing,Net Banking
815,Charlie,282.9,2024-02-09 18:27:00,Electronics,Cash
816,Hannah,475.44,2024-02-18 04:19:00,Clothing,Credit Card
817,Grace,298.22,2024-02-08 14:58:00,Home Appliances,Credit Card
818,David,70.57,2024-02-12 14:15:00,Books,Net Banking
819,Eva,341.24,2024-02-14 08:54:00,Clothing,UPI
820,Alice,191.74,2024-02-06 23:16:00,Books,Net Banking
821,Charlie,350.83,2024-02-12 21:41:00,Books,Cash
822,Hannah,288.7,2024-02-10 14:59:00,Home Appliances,Credit Card
823,Grace,436.88,2024-02-17 04:25:00,Clothing,Credit Card
824,Charlie,290.42,2024-02-20 20:58:00,Electronics,Debit Card
825,Ivy,242.13,2024-02-05 00:21:00,Clothing,UPI
826,Hannah,72.59,2024-02-03 19:26:00,Grocery,Credit Card
827,Bob,341.24,2024-02-21 06:07:00,Grocery,Credit Card
828,Hannah,340.6,2024-02-08 14:01:00,Clothing,Net Banking
829,Frank,387.05,2024-02-18 05:21:00,Grocery,UPI
830,David,69.6,2024-02-21 13:30:00,Clothing,Net Banking
831,Frank,81.45,2024-02-16 23:55:00,Electronics,Debit Card
832,Frank,98.91,2024-02-10 09:41:00,Electronics,Credit Card
833,Alice,227.29,2024-02-15 17:32:00,Electronics,Cash
834,Jack,449.45,2024-02-11 20:49:00,Clothing,UPI
835,David,238.74,2024-02-15 08:42:00,Electronics,Credit Card
836,Charlie,359.29,2024-02-10 21:38:00,Grocery,Debit Card
837,Ivy,350.5,2024-02-02 01:44:00,Grocery,Credit Card
838,Grace,303.51,2024-02-16 00:00:00,Grocery,Net Banking
839,Grace,194.13,2024-02-13 18:07:00,Electronics,UPI
840,Ivy,257.22,2024-02-04 08:50:00,Electronics,UPI
841,Bob,445.21,2024-02-14 04:19:00,Home Appliances,Debit Card
842,Ivy,235.0,2024-02-02 01:34:00,Books,Debit Card
843,Frank,409.04,2024-02-03 02:28:00,Electronics,Debit Card
844,Grace,177.19,2024-02-04 15:59:00,Home Appliances,UPI
845,Hannah,248.75,2024-02-01 10:18:00,Electronics,Cash
846,Bob,130.96,2024-02-21 04:33:00,Books,Net Banking
847,Frank,415.75,2024-02-13 20:52:00,Home Appliances,Net Banking
848,Frank,102.08,2024-02-21 01:11:00,Home Appliances,UPI
849,Jack,275.86,2024-02-15 12:33:00,Grocery,UPI
850,Hannah,223.98,2024-02-21 20:27:00,Electronics,Cash
851,Frank,340.42,2024-02-13 03:38:00,Books,Net Banking
852,David,205.77,2024-02-14 04:43:00,Grocery,Debit Card
853,Frank,364.26,2024-02-02 15:43:00,Books,Cash
854,Frank,496.13,2024-02-17 01:16:00,Home Appliances,Cash
855,Ivy,441.93,2024-02-08 17:50:00,Home Appliances,Net Banking
856,Charlie,183.76,2024-02-05 18:10:00,Clothing,Cash
857,Alice,289.8,2024-02-16 08:19:00,Books,Net Banking
858,David,423.44,2024-02-04 11:46:00,Grocery,Net Banking
859,David,442.46,2024-02-12 13:27:00,Books,Net Banking
860,Eva,81.79,2024-02-21 07:35:00,Electronics,Debit Card
861,Frank,261.15,2024-02-13 06:23:00,Home Appliances,Net Banking
862,Charlie,263.21,2024-02-03 07:36:00,Home Appliances,Credit Card
863,Ivy,487.89,2024-02-02 23:22:00,Clothing,UPI
864,Grace,102.75,2024-02-09 20:08:00,Home Appliances,Debit Card
865,Bob,71.0,2024-02-10 14:04:00,Home Appliances,Cash
866,Hannah,72.21,2024-02-02 16:59:00,Home Appliances,Net Banking
867,Charlie,351.46,2024-02-02 09:25:00,Grocery,UPI
868,Hannah,71.07,2024-02-07 15:56:00,Electronics,Debit Card
869,Charlie,172.86,2024-02-10 16:50:00,Home Appliances,UPI
870,Bob,181.84,2024-02-18 20:22:00,Books,Net Banking
871,Eva,432.66,2024-02-20 03:16:00,Books,UPI
872,Eva,441.04,2024-02-04 13:16:00,Home Appliances,Debit Card
873,Jack,179.56,2024-02-21 06:44:00,Home Appliances,Debit Card
874,Frank,165.45,2024-02-18 08:31:00,Clothing,Net Banking
875,Frank,479.61,2024-02-18 03:47:00,Clothing,Cash
876,Grace,356.82,2024-02-20 00:37:00,Electronics,UPI
877,Eva,106.07,2024-02-19 20:31:00,Grocery,UPI
878,Ivy,472.28,2024-02-12 03:43:00,Electronics,Cash
879,Frank,269.29,2024-02-13 02:32:00,Books,Credit Card
880,Frank,427.47,2024-02-10 04:14:00,Grocery,Debit Card
881,Eva,155.63,2024-02-14 08:28:00,Grocery,Credit Card
882,Charlie,396.12,2024-02-11 04:07:00,Home Appliances,Credit Card
883,Ivy,335.5,2024-02-20 10:52:00,Electronics,Credit Card
884,Alice,478.05,2024-02-18 08:35:00,Clothing,Credit Card
885,Grace,109.82,2024-02-09 18:50:00,Electronics,Net Banking
886,Bob,137.92,2024-02-17 19:18:00,Electronics,Credit Card
887,Hannah,118.6,2024-02-14 21:21:00,Books,UPI
888,Frank,190.07,2024-02-16 08:12:00,Home Appliances,Net Banking
889,Eva,380.93,2024-02-10 06:00:00,Home Appliances,Debit Card
890,Alice,287.61,2024-02-06 09:37:00,Grocery,UPI
891,Ivy,303.89,2024-02-05 12:38:00,Clothing,Net Banking
892,Hannah,372.99,2024-02-19 05:51:00,Grocery,Cash
893,Bob,474.87,2024-02-21 04:13:00,Books,Credit Card
894,Jack,122.24,2024-02-08 12:37:00,Home Appliances,Cash
895,David,92.19,2024-02-21 19:08:00,Books,Credit Card
896,David,243.9,2024-02-07 18:58:00,Home Appliances,UPI
897,Jack,206.29,2024-02-03 21:18:00,Clothing,UPI
898,Eva,384.05,2024-02-01 22:55:00,Electronics,UPI
899,Ivy,490.88,2024-02-21 22:52:00,Books,Debit Card
900,Frank,455.77,2024-02-05 23:48:00,Grocery,Debit Card
901,David,437.22,2024-02-18 18:22:00,Home Appliances,Cash
902,Grace,395.44,2024-02-07 22:41:00,Books,Cash
903,Grace,188.72,2024-02-09 14:00:00,Home Appliances,Net Banking
904,Grace,225.09,2024-02-19 04:19:00,Books,Cash
905,Hannah,329.13,2024-02-18 16:44:00,Home Appliances,UPI
906,David,386.03,2024-02-20 04:22:00,Grocery,Credit Card
907,Alice,178.51,2024-02-01 03:08:00,Books,Cash
908,Frank,432.18,2024-02-12 16:28:00,Electronics,Credit Card
909,Ivy,172.25,2024-02-06 13:25:00,Clothing,Debit Card
910,Alice,150.16,2024-02-12 16:54:00,Home Appliances,Cash
911,Alice,293.69,2024-02-09 17:53:00,Home Appliances,Debit Card
912,Eva,388.68,2024-02-17 02:11:00,Books,Net Banking
913,Jack,374.14,2024-02-07 10:14:00,Home Appliances,UPI
914,Eva,287.32,2024-02-18 02:10:00,Grocery,Net Banking
915,Charlie,312.23,2024-02-10 12:49:00,Electronics,Credit Card
916,Hannah,461.35,2024-02-19 05:50:00,Books,Credit Card
917,Eva,261.18,2024-02-12 22:24:00,Clothing,Cash
918,Grace,395.16,2024-02-17 02:23:00,Clothing,Cash
919,Hannah,422.34,2024-02-03 02:57:00,Clothing,Net Banking
920,Hannah,447.82,2024-02-07 22:41:00,Electronics,UPI
921,Eva,486.65,2024-02-18 21:39:00,Clothing,Net Banking
922,Grace,401.0,2024-02-20 20:04:00,Clothing,Net Banking
923,Bob,262.47,2024-02-21 21:40:00,Books,Debit Card
924,Hannah,443.6,2024-02-19 21:16:00,Books,Credit Card
925,David,228.53,2024-02-19 13:10:00,Clothing,UPI
926,Ivy,490.31,2024-02-18 05:02:00,Home Appliances,Net Banking
927,Bob,54.36,2024-02-18 08:44:00,Home Appliances,Credit Card
928,David,333.32,2024-02-12 03:21:00,Home Appliances,Net Banking
929,Bob,367.88,2024-02-15 02:48:00,Grocery,UPI
930,Grace,417.33,2024-02-17 05:17:00,Books,Cash
931,Eva,192.11,2024-02-11 17:40:00,Clothing,Net Banking
932,Hannah,103.26,2024-02-10 20:50:00,Home Appliances,Cash
933,Jack,230.78,2024-02-14 01:00:00,Electronics,Credit Card
934,Grace,296.16,2024-02-16 01:45:00,Grocery,Net Banking
935,David,479.88,2024-02-11 09:19:00,Books,Cash
936,Grace,225.92,2024-02-21 09:08:00,Grocery,Net Banking
937,David,77.01,2024-02-14 03:03:00,Grocery,Net Banking
938,David,142.02,2024-02-18 23:35:00,Clothing,Credit Card
939,Ivy,130.52,2024-02-02 12:54:00,Clothing,UPI
940,Eva,476.81,2024-02-04 08:07:00,Clothing,Cash
941,Bob,182.66,2024-02-04 16:33:00,Grocery,Cash
942,Grace,380.5,2024-02-16 10:02:00,Grocery,Debit Card
943,Ivy,295.74,2024-02-12 15:58:00,Grocery,UPI
944,David,317.89,2024-02-20 13:24:00,Electronics,Cash
945,Alice,268.02,2024-02-07 11:02:00,Electronics,Credit Card
946,Eva,105.35,2024-02-08 11:59:00,Electronics,Cash
947,Eva,193.2,2024-02-18 12:33:00,Clothing,Credit Card
948,Charlie,483.54,2024-02-10 11:52:00,Electronics,UPI
949,Hannah,388.12,2024-02-21 04:32:00,Electronics,Credit Card
950,David,131.44,2024-02-07 16:55:00,Electronics,Credit Card
951,Alice,284.58,2024-02-14 15:45:00,Clothing,Net Banking
952,David,216.79,2024-02-08 13:05:00,Grocery,Debit Card
953,Hannah,65.65,2024-02-10 14:12:00,Books,Credit Card
954,Eva,298.9,2024-02-16 12:26:00,Electronics,Credit Card
955,Bob,250.71,2024-02-06 06:57:00,Electronics,Credit Card
956,Alice,403.82,2024-02-01 08:24:00,Grocery,Cash
957,Hannah,150.98,2024-02-21 06:03:00,Home Appliances,Cash
958,Jack,385.88,2024-02-11 13:20:00,Books,UPI
959,Grace,193.2,2024-02-18 14:07:00,Electronics,Debit Card
960,Charlie,113.51,2024-02-11 14:08:00,Home Appliances,Cash
961,Jack,75.8,2024-02-10 02:10:00,Clothing,Credit Card
962,David,225.92,2024-02-07 18:06:00,Books,Credit Card
963,Bob,229.96,2024-02-19 07:09:00,Clothing,Credit Card
964,Jack,374.36,2024-02-20 15:57:00,Clothing,Credit Card
965,Jack,105.89,2024-02-20 12:45:00,Home Appliances,Credit Card
966,David,470.16,2024-02-20 14:16:00,Grocery,UPI
967,Hannah,390.31,2024-02-10 15:40:00,Books,Credit Card
968,David,281.4,2024-02-06 23:09:00,Grocery,Credit Card
969,Grace,335.92,2024-02-19 09:08:00,Clothing,Cash
970,Jack,448.35,2024-02-19 14:39:00,Home Appliances,Debit Card
971,Grace,222.0,2024-02-04 23:31:00,Electronics,Credit Card
972,Charlie,285.96,2024-02-17 05:23:00,Electronics,Debit Card
973,Charlie,343.97,2024-02-06 12:16:00,Home Appliances,Net Banking
974,Bob,87.61,2024-02-07 02:38:00,Electronics,UPI
975,David,317.03,2024-02-17 09:17:00,Home Appliances,Credit Card
976,Frank,65.33,2024-02-12 14:57:00,Home Appliances,UPI
977,Eva,317.6,2024-02-05 06:30:00,Grocery,UPI
978,Bob,224.92,2024-02-03 07:33:00,Home Appliances,UPI
979,Eva,386.36,2024-02-11 15:52:00,Books,Net Banking
980,Alice,487.78,2024-02-14 14:52:00,Books,Cash
981,Bob,377.29,2024-02-20 15:22:00,Home Appliances,Net Banking
982,Ivy,117.96,2024-02-17 22:35:00,Books,Net Banking
983,Ivy,276.89,2024-02-19 12:42:00,Grocery,Cash
984,Grace,163.15,2024-02-19 09:14:00,Clothing,Debit Card
985,David,458.33,2024-02-12 06:12:00,Clothing,Cash
986,Bob,89.6,2024-02-20 15:04:00,Electronics,Debit Card
987,David,86.43,2024-02-12 18:23:00,Grocery,Debit Card
988,Bob,389.21,2024-02-11 20:24:00,Electronics,Debit Card
989,Alice,400.45,2024-02-01 15:24:00,Books,Debit Card
990,Grace,472.55,2024-02-06 02:18:00,Home Appliances,Debit Card
991,Grace,225.13,2024-02-05 15:21:00,Books,Debit Card
992,Ivy,86.42,2024-02-05 23:07:00,Home Appliances,UPI
993,Hannah,93.41,2024-02-02 05:46:00,Home Appliances,Debit Card
994,David,318.86,2024-02-03 18:28:00,Clothing,Cash
995,Charlie,165.5,2024-02-07 10:27:00,Home Appliances,Credit Card
996,Eva,397.48,2024-02-08 16:49:00,Electronics,Cash
997,David,71.21,2024-02-17 05:04:00,Home Appliances,UPI
998,Charlie,109.83,2024-02-21 23:47:00,Books,Debit Card
999,Charlie,229.7,2024-02-02 04:10:00,Grocery,Debit Card
1000,Charlie,339.12,2024-02-04 02:33:00,Home Appliances,Credit Card
